<audios>
    <audio src="/home/tony/Documents/music/Gift Fumulani/Gift Fumulani-kumwamba.mp3"></audio>
    <audio src="/home/tony/Documents/music/Gift Fumulani/01 CHIROMBO.mp3"></audio>
    <audio src="/home/tony/Documents/music/PETER TOSH 2015/Peter Tosh/Mystic Man/09 Rumors of War.mp3"></audio>
    <audio src="/home/tony/Documents/music/PETER TOSH 2015/Peter Tosh/Bush Doctor/02 Pick Yourself Up.mp3"></audio>
    <audio src="/home/tony/Documents/music/ALPHA BLONDY/02 PEACE IN LIBERIA.mp3"></audio>
    <audio src="/home/tony/Documents/music/ALPHA BLONDY/06 GOD IS ONE.mp3"></audio>
    <audio src="/home/tony/Documents/music/misc/1464430013_i_am_god.mp3"></audio>
    <audio src="/home/tony/Documents/music/Buju Banton - Upside Down 2020 (24Naijamuzic.com)/01 Lamb Of God.mp3"></audio>
    <audio src="/home/tony/Documents/music/LUCKY DUBE/SHEMBE IS D WAY.mp3"></audio>
    <audio src="/home/tony/Documents/music/PETER TOSH 2015/Peter Tosh/Mystic Man/02 Recruiting Soldiers.mp3"></audio>
    <audio src="/home/tony/Documents/music/Buju Banton - Upside Down 2020 (24Naijamuzic.com)/11 Good Time Girl.mp3"></audio>
    <audio src="/home/tony/Documents/music/LUCKY DUBE/MICKY MOUSE.MP3"></audio>
    <audio src="/home/tony/Documents/music/LUCKY DUBE/CRAZY.MP3"></audio>
    <audio src="/home/tony/Documents/music/PETER TOSH 2015/Peter Tosh/Bush Doctor/10 Lesson in My Life (Outtake).mp3"></audio>
    <audio src="/home/tony/Documents/music/Protoje/Protoje_-_Wrong_Side_of_The_Law(MP3_128K).mp3"></audio>
    <audio src="/home/tony/Documents/music/Protoje/Protoje-_8_Year_Affair(MP3_128K).mp3"></audio>
    <audio src="/home/tony/Documents/music/PETER TOSH 2015/Peter Tosh/Bush Doctor/06 Bush Doctor.mp3"></audio>
    <audio src="/home/tony/Documents/music/misc/Shayne_Ward_-_Breathless.mp3"></audio>
    <audio src="/home/tony/Documents/music/PETER TOSH 2015/Peter Tosh - Honorary Citizen - FULL BOX SET-3CD-1997-/201-Rasafari_is-YARD.mp3"></audio>
    <audio src="/home/tony/Documents/music/PETER TOSH 2015/Peter Tosh/Equal Rights/03 I Am That I Am.mp3"></audio>
    <audio src="/home/tony/Documents/music/PETER TOSH 2015/Peter Tosh/Captured Live/03 Equal Rights Downpressor.mp3"></audio>
    <audio src="/home/tony/Documents/music/LUCKY DUBE/SLAVE.MP3"></audio>
    <audio src="/home/tony/Documents/music/PETER TOSH 2015/Peter Tosh/Bush Doctor/05 Moses - the Prophet.mp3"></audio>
    <audio src="/home/tony/Documents/music/PETER TOSH 2015/Peter Tosh/Legalize It/01 Legalize It.mp3"></audio>
    <audio src="/home/tony/Documents/music/PETER TOSH 2015/Peter Tosh/Wanted Dread And Alive/05 Oh Bumbo Klaat.mp3"></audio>
    <audio src="/home/tony/Documents/music/misc/Vic Marley - Traffic Police.mp3"></audio>
    <audio src="/home/tony/Documents/music/PETER TOSH 2015/Peter Tosh/Mystic Man/04 Jah Say No.mp3"></audio>
    <audio src="/home/tony/Documents/music/PETER TOSH 2015/Peter Tosh/No Nuclear War/04 Vampire.mp3"></audio>
    <audio src="/home/tony/Documents/music/PETER TOSH 2015/Peter Tosh/Mama Africa/05 Johnny B. Goode.mp3"></audio>
    <audio src="/home/tony/Documents/music/PETER TOSH 2015/Peter Tosh - Honorary Citizen - FULL BOX SET-3CD-1997-/312-Fools_Die-YARD.mp3"></audio>
    <audio src="/home/tony/Documents/music/PETER TOSH 2015/Peter Tosh - Honorary Citizen - FULL BOX SET-3CD-1997-/113-Cant_Blame_the_Youth-YARD.mp3"></audio>
    <audio src="/home/tony/Documents/music/PETER TOSH 2015/Peter Tosh - Honorary Citizen - FULL BOX SET-3CD-1997-/205-Glass_House_(Spoken)-YARD.mp3"></audio>
    <audio src="/home/tony/Documents/music/PETER TOSH 2015/Peter Tosh - Honorary Citizen - FULL BOX SET-3CD-1997-/314-Honorary_Citizen-YARD.mp3"></audio>
    <audio src="/home/tony/Documents/music/PETER TOSH 2015/Peter Tosh/Wanted Dread And Alive/03 Reggaemylitis.mp3"></audio>
    <audio src="/home/tony/Documents/music/PETER TOSH 2015/Peter Tosh/Bush Doctor/01 (You Gotta Walk) Don't Look Back.mp3"></audio>
    <audio src="/home/tony/Documents/music/PETER TOSH 2015/Peter Tosh/Equal Rights/02 Downpressor Man.mp3"></audio>
    <audio src="/home/tony/Documents/music/PETER TOSH 2015/Peter Tosh/Equal Rights/05 Equal Rights.mp3"></audio>
</audios>