<videos>
    <video src="/home/tony/Documents/videos/music/misc/Israel Vibration featuring Droop Lion Man Up_s5oVamIokrw_1080p.mp4"></video>
    <video src="/home/tony/Documents/movies/Shang-Chi and the Legend of the Ten Rings (2021) (NetNaija.com).mp4"></video>
    <video src="/home/tony/Documents/movies/the bourne/01 The Bourne Identity [2002].mp4"></video>
    <video src="/home/tony/Documents/videos/music/Lucky-Dube/Lucky Dube - Slave - LIVE ( 480 X 854 ).mp4"></video>
    <video src="/home/tony/Documents/videos/music/Lucky-Dube/Lucky-Dube-The-Way-It-Is.mp4"></video>
    <video src="/home/tony/Documents/videos/music/Lucky-Dube/Lucky-Dube-Together-As-One.mp4"></video>
    <video src="/home/tony/Documents/videos/music/hempress sativa/Hempress Sativa Rock It Ina Dance _ Official Music Video.mp4"></video>
    <video src="/home/tony/Documents/movies/catoo/Frozen.2013.720p.BluRay.x264.YIFY.mp4"></video>
    <video src="/home/tony/Documents/videos/music/hempress sativa/Hempress Sativa - Ooh LaLaLA Official Music Video_zD0Zbv24psE_.mp4"></video>
    <video src="/home/tony/Documents/videos/music/gospel/In Christ Alone ( 360 X 480 ).mp4"></video>
    <video src="/home/tony/Documents/videos/music/protoje/Protoje - Kingston Be Wise (Official Music Video) ( 1080 X 1080 ).mp4"></video>
    <video src="/home/tony/Documents/videos/music/misc/reggae/y2mate.com - Together As One_1080p.mp4"></video>
    <video src="/home/tony/Documents/videos/music/misc/reggae/Peter Tosh - rare Australian interview (1983).mp4"></video>
    <video src="/home/tony/Documents/videos/music/misc/reggae/y2mate.com - lucky dube together as one_360p.mp4"></video>
    <video src="/home/tony/Documents/videos/music/misc/reggae/y2mate.com - Peter Tosh Stepping Razor_360p.mp4"></video>
    <video src="/home/tony/Documents/videos/music/misc/reggae/Peter Tosh - rare Australian interview (1983)(1).mp4"></video>
    <video src="/home/tony/Documents/videos/music/misc/reggae/y2mate.com - The Very Best Of PETER TOSH 2018 PETER TOSH Greatest Hits Full Album HD_360p.mp4"></video>
    <video src="/home/tony/Documents/movies/9 movie/9 2009  m HD  720p  Hindi  Eng  BHATTI87 _registered_ ( 720 X 1280 ).mp4"></video>
    <video src="/home/tony/Documents/videos/music/misc/Skip_Marley_-_That's_Not_True_ft._Damian_Jr._Gong_Marley(1080p).mp4"></video>
    <video src="/home/tony/Documents/videos/music/gospel/In Christ Alone...Great Christian Song Ever (Lyrics @CC) ( 480 X 848 ).mp4"></video>
    <video src="/home/tony/Documents/videos/VID-20210816-WA0025.mp4"></video>
</videos>